WRIA_NR,WRIA_NM,NatFlowStationID,Name,OCT,NOV,DEC,JAN,FEB,MAR,APR,MAY,JUN,JUL,AUG,SEP
1,Nooksack,MFNW1,MF NOOKSACK - NEAR DEMING,0.75,1.106,3.152,1.59,1.077,2.444,0.967,0.841,0.825,0.75,0.857,0.85
1,Nooksack,NFNW1,NF NOOKSACK - NEAR GLACIER,0.689,1.293,2.878,1.333,0.9,2.032,1.081,0.947,1.057,0.962,0.917,0.914
1,Nooksack,NRKW1,NOOKSACK - AT CEDARVILLE,0.612,0.953,2.223,1.037,0.767,1.689,1.047,0.848,0.809,0.823,0.89,0.903
1,Nooksack,NKSW1,NOOKSACK - AT FERNDALE,0.589,0.988,2.027,1.153,0.94,1.766,1.068,0.866,0.811,0.817,0.891,0.883
1,Nooksack,NSSW1,SF NOOKSACK - AT SAXON BRIDGE,0.75,0.938,1.973,0.921,0.895,1.703,0.955,0.636,0.5,0.517,0.786,0.684
3,Lower Skagit - Samish,SMRW1,SAMISH - NEAR BURLINGTON,0.532,0.72,1.741,0.969,0.708,1.818,1.056,0.917,0.913,0.974,1.087,0.846
4,Upper Skagit,SHDW1,BAKER - LAKE SHANNON,0.75,1.364,2.376,1.317,1.016,2.17,0.957,0.875,0.859,0.755,0.823,0.787
4,Upper Skagit,UBDW1,BAKER - UPPER BAKER LAKE,0.73,1.38,2.295,1.211,0.955,2.276,1.018,0.915,0.891,0.767,0.796,0.762
4,Upper Skagit,WCHW1,SAUK - ABOVE WHITE CHUCK,0.509,1.167,3.567,1.466,0.891,1.86,1.075,0.733,0.649,0.521,0.655,0.609
4,Upper Skagit,SAKW1,SAUK - NEAR SAUK,0.513,1.072,2.791,1.017,0.829,1.603,1.131,0.949,0.9,0.721,0.94,0.906
4,Upper Skagit,SRMW1,SKAGIT - AT MARBLEMOUNT,0.634,1.438,3.469,1.64,1.145,2.027,1.084,0.909,0.857,0.747,0.974,0.942
4,Upper Skagit,GORW1,SKAGIT - AT NEWHALEM,0.522,1.431,3.714,1.786,1.194,1.884,1.087,0.872,0.868,0.823,0.978,0.966
4,Upper Skagit,CONW1,SKAGIT - NEAR CONCRETE,0.596,1.265,2.736,1.357,1.034,1.953,1.125,0.914,0.885,0.719,0.904,0.868
4,Upper Skagit,RODW1,SKAGIT - ROSS RESERVOIR,0.515,1.45,4.022,2,1.306,1.823,1.069,0.862,0.864,0.794,1,1.014
4,Upper Skagit,THNW1,THUNDER CREEK - NEAR NEWHALEM,0.71,1.606,4.778,2.7,1.467,2.688,1.208,0.984,0.974,0.951,0.951,1
5,Stillaguamish,ARGW1,NF STILLAGUAMISH - NEAR ARLINGTON,0.838,0.935,1.955,0.924,0.742,1.6,0.961,0.8,0.741,0.81,0.958,0.758
5,Stillaguamish,SSFW1,SF STILLAGUAMISH - AT JORDAN ROAD,0.828,1.043,1.985,0.814,0.694,2.052,1.063,0.862,0.602,0.619,0.864,0.824
5,Stillaguamish,ARLW1,STILLAGUAMISH - NEAR ARLINGTON,0.813,1.086,2.02,0.883,0.796,1.949,1.131,0.949,0.775,0.67,0.714,0.701
7,Snohomish,TANW1,MF SNOQUALMIE - NEAR TANNER,0.545,1.017,2.942,0.735,0.614,2.027,1.048,0.852,0.573,0.271,0.465,0.565
7,Snohomish,SNQW1,NF SNOQUALMIE - NEAR SNOQUALMIE FALLS,0.6,1.039,2.615,0.812,0.636,2.257,1.026,0.727,0.6,0.588,0.75,0.53
7,Snohomish,PILW1,PILCHUCK - NEAR SNOHOMISH,0.65,0.911,1.558,0.793,0.591,1.826,1,0.84,0.824,0.921,1.094,0.726
7,Snohomish,GARW1,SF SNOQUALMIE - NEAR GARCIA,0.364,1.074,4.1,1,0.889,2.222,1.083,0.647,0.5,0.462,0.556,0.372
7,Snohomish,TLRW1,SF TOLT - TOLT RESERVOIR,0.527,0.842,2,1,0.783,2.077,0.857,0.846,0.736,0.548,0.632,0.55
7,Snohomish,MROW1,SNOHOMISH - NEAR MONROE,0.461,0.989,2.515,0.868,0.686,1.871,1.049,0.878,0.658,0.574,0.713,0.673
7,Snohomish,CRNW1,SNOQUALMIE - NEAR CARNATION,0.558,1.021,2.849,0.931,0.612,2.062,1.078,0.844,0.668,0.592,0.759,0.691
7,Snohomish,SQUW1,SNOQUALMIE - NEAR SNOQUALMIE,0.526,0.951,2.685,0.771,0.641,1.919,1.057,0.81,0.624,0.474,0.651,0.588
7,Snohomish,SLTW1,SULTAN - NEAR SULTAN,0.673,1.151,2.263,0.849,0.635,2.098,0.967,0.881,0.674,0.4,0.312,0.452
7,Snohomish,SLKW1,SULTAN - SPADA LAKE,0.681,1.158,2.537,0.903,0.667,1.961,0.889,0.887,0.667,0.479,0.43,0.547
7,Snohomish,TOLW1,TOLT - NEAR CARNATION,0.545,0.902,1.679,0.776,0.562,1.898,0.959,0.867,0.765,0.647,0.725,0.638
8,Cedar - Sammamish,RNTW1,CEDAR - AT RENTON,0.467,0.844,2.512,0.839,0.627,1.873,1.055,0.773,0.732,0.722,0.727,0.7
8,Cedar - Sammamish,MORW1,CEDAR - CHESTER MORSE LAKE,0.45,0.851,3.071,0.729,0.649,2.114,1.047,0.822,0.704,0.646,0.75,0.574
8,Cedar - Sammamish,LNDW1,CEDAR - NEAR LANDSBURG,0.423,0.857,2.754,0.743,0.625,1.963,1.068,0.818,0.765,0.754,0.859,0.656
8,Cedar - Sammamish,ISSW1,ISSAQUAH CREEK - NEAR MOUTH,0.526,0.682,1.786,0.633,0.45,1.667,1.02,0.841,0.75,0.88,1.125,1.059
9,Duwamish - Green,HHDW1,GREEN - HOWARD HANSON DAM,0.4,0.48,3.386,0.768,0.595,2.064,0.931,0.709,0.66,0.7,0.882,0.827
9,Duwamish - Green,AUBW1,GREEN - NEAR AUBURN,0.474,0.609,3.05,0.796,0.605,2.035,1.084,0.843,0.79,1.038,1.583,1.385
10,Puyallup - White,FFXW1,CARBON - NEAR FAIRFAX,0.611,0.722,1.972,0.387,0.583,2.238,1.042,1.029,0.824,0.769,0.941,0.833
10,Puyallup - White,PUYW1,PUYALLUP - AT PUYALLUP,0.545,0.884,2.944,0.86,0.588,2.085,1.188,0.98,0.716,0.757,0.959,0.914
10,Puyallup - White,ORTW1,PUYALLUP - NEAR ORTING,0.594,0.897,2.793,0.937,0.583,1.864,1.091,0.963,0.712,0.864,0.917,0.923
10,Puyallup - White,SPEW1,SOUTH PRAIRIE - AT SOUTH PRAIRIE,0.556,0.778,3.3,0.875,0.789,2.368,1.176,1,0.758,0.712,1.031,0.943
10,Puyallup - White,MMRW1,WHITE - AT MUD MOUNTAIN DAM,0.68,0.978,3.596,1,0.644,1.978,1.19,0.896,0.69,0.697,0.931,1
10,Puyallup - White,WRAW1,WHITE - AT R STREET,0.633,0.843,3.054,0.914,0.627,2.074,1.313,0.956,0.726,0.793,1.036,1.051
11,Nisqually,MCMW1,MINERAL CREEK - NEAR MINERAL,0.622,0.7,1.895,0.619,0.633,1.576,0.862,0.75,0.664,0.8,0.962,0.759
11,Nisqually,ALRW1,NISQUALLY - ALDER RESERVOIR,0.479,0.846,2.353,0.692,0.643,1.757,0.921,0.844,0.653,0.685,0.795,0.767
11,Nisqually,MKNW1,NISQUALLY - AT MCKENNA,0.585,0.853,2.436,0.809,0.622,1.846,0.945,0.825,0.699,0.755,0.973,1.172
11,Nisqually,NISW1,NISQUALLY - NEAR NATIONAL,0.548,0.763,2.929,0.82,0.58,1.875,1.078,0.906,0.638,0.674,0.765,0.76
13,Deschutes,DSRW1,DESCHUTES - NEAR RAINIER,0.59,0.714,2.1,0.645,0.542,1.64,0.889,0.7,0.729,0.935,1.045,0.8
16,Skokomish - Dosewallips,SKOW1,NF SKOKOMISH - BELOW STAIRCASE RAPIDS NEAR HOODSPORT,0.808,1.019,1.34,0.93,0.865,1.243,1.029,0.744,0.567,0.412,0.473,0.444
16,Skokomish - Dosewallips,CSHW1,NF SKOKOMISH - CUSHMAN DAM,0.707,0.988,1.337,0.945,0.898,1.133,1.02,0.796,0.639,0.452,0.469,0.431
16,Skokomish - Dosewallips,SSUW1,SF SKOKOMISH - NEAR UNION,0.613,0.87,1.382,0.783,0.981,1.179,1.071,0.8,0.789,0.833,0.867,0.629
18,Elwha - Dungeness,DRSW1,DUNGENESS - NEAR SEQUIM,0.669,1.185,1.857,1.032,0.909,1.238,1.15,0.833,0.658,0.481,0.62,0.793
18,Elwha - Dungeness,ELWW1,ELWHA - AT MCDONALD BRIDGE NEAR PORT ANGELES,0.691,0.959,1.865,1.056,0.931,1.308,1.085,0.862,0.684,0.537,0.767,0.9
20,Soleduc,CALW1,CALAWAH - NEAR FORKS,0.846,0.778,1.664,0.83,0.843,1.385,1.031,0.914,0.773,0.833,0.828,0.667
22,Lower Chehalis,SATW1,SATSOP - NEAR SATSOP,0.398,0.618,1.493,0.786,0.885,1.238,0.977,0.915,0.905,0.962,1,0.833
22,Lower Chehalis,MNSW1,WYNOOCHEE - NEAR MONTESANO,0.53,0.759,1.604,0.786,0.847,1.174,0.918,0.712,0.625,0.478,0.431,0.526
22,Lower Chehalis,WYDW1,WYNOOCHEE - WYNOOCHEE DAM,0.667,0.879,1.661,0.934,0.947,1.22,1,0.84,0.75,0.793,0.761,0.865
23,Upper Chehalis,CRPW1,CHEHALIS - AT PORTER,0.482,0.677,1.67,0.641,0.529,1.333,0.979,0.882,0.861,1,1.08,0.821
23,Upper Chehalis,CENW1,CHEHALIS - NEAR CENTRALIA,0.422,0.42,1.362,0.405,0.371,1.175,0.942,0.824,0.757,0.765,0.809,0.714
23,Upper Chehalis,DOTW1,CHEHALIS - NEAR DOTY,0.433,0.656,1.556,0.481,0.482,1.14,0.917,0.882,0.826,0.974,1,0.605
23,Upper Chehalis,CGMW1,CHEHALIS - NEAR GRAND MOUND,0.419,0.677,1.747,0.594,0.508,1.366,0.959,0.878,0.815,0.96,1.067,0.737
23,Upper Chehalis,NEWW1,NEWAUKUM - NEAR CHEHALIS,0.469,0.694,1.757,0.63,0.549,1.471,0.973,0.81,0.846,0.875,0.941,0.702
23,Upper Chehalis,CTAW1,SKOOKUMCHUCK - AT CENTRALIA,1.05,1,1.921,0.696,0.615,1.694,1.028,0.95,0.917,0.761,0.617,0.565
23,Upper Chehalis,BCDW1,SKOOKUMCHUCK - NEAR BUCODA,1.019,1.095,2.023,0.681,0.583,1.6,0.963,0.8,0.766,0.644,0.545,0.55
24,Willapa,NASW1,NASELLE - NEAR NASELLE,0.632,0.88,1.875,0.614,0.73,1.179,0.962,1,0.874,0.791,0.828,0.619
24,Willapa,WILW1,WILLAPA - NEAR WILLAPA,0.45,0.648,1.446,0.556,0.571,1.121,0.881,0.895,0.888,0.93,0.889,0.659
26,Cowlitz,CIYW1,CISPUS - NEAR RANDLE,0.6,0.918,2.534,0.74,0.729,1.574,1.179,0.855,0.618,0.56,0.655,0.609
26,Cowlitz,CASW1,COWLITZ - AT CASTLE ROCK,0.626,0.874,2.472,0.947,0.789,1.783,0.944,0.841,0.695,0.636,0.791,0.739
26,Cowlitz,PACW1,COWLITZ - AT PACKWOOD,0.855,1.237,2.96,0.965,0.936,1.684,1.092,0.966,0.592,0.511,0.783,0.812
26,Cowlitz,RAWW1,COWLITZ - AT RANDLE,0.494,1.005,2.972,0.813,0.689,1.878,1.095,0.91,0.63,0.565,0.871,0.87
26,Cowlitz,MYDW1,COWLITZ - MAYFIELD RESERVOIR,0.562,0.891,2.738,0.778,0.65,1.775,0.935,0.795,0.717,0.623,0.784,0.733
26,Cowlitz,MSRW1,COWLITZ - MOSSYROCK RESERVOIR,0.561,0.863,2.544,0.795,0.665,1.596,0.862,0.753,0.625,0.566,0.717,0.663
26,Cowlitz,COKW1,COWLITZ - NEAR KOSMOS,0.511,0.92,2.559,0.785,0.67,1.616,0.954,0.78,0.586,0.567,0.752,0.726
26,Cowlitz,TILW1,TILTON - NEAR CINEBAR,0.63,0.789,2.523,0.737,0.644,1.733,0.879,0.814,0.76,0.873,0.954,0.84
26,Cowlitz,TOTW1,TOUTLE - AT TOWER ROAD NEAR SILVER LAKE,0.619,0.739,1.705,0.681,0.623,1.675,0.971,0.786,0.6,0.653,0.781,0.733
27,Lewis,MEWW1,LEWIS - MERWIN DAM,0.601,0.808,1.947,0.689,0.808,1.556,0.942,0.719,0.662,0.647,0.648,0.569
29,Wind - White Salmon,UNDW1,WHITE SALMON - NEAR UNDERWOOD,0.75,0.96,1.765,1.093,1.035,1.469,1.098,0.755,0.708,0.889,1,0.917
30,Klickitat,PITW1,KLICKITAT - NEAR PITT,0.896,1.017,1.855,0.871,0.8,1.315,1.137,0.905,0.615,0.838,0.98,1
32,Walla Walla,MLKW1,MILL CREEK - NR WALLA WALLA,0.87,0.651,1.594,0.727,0.581,1.818,0.909,0.725,0.561,0.9,0.889,0.833
32,Walla Walla,TCHW1,WALLA WALLA - NEAR TOUCHET,0.932,0.518,1.571,0.781,0.694,1.59,0.811,0.577,0.773,1.146,1.162,1.143
34,Palouse,HOPW1,PALOUSE - AT HOOPER,0.667,0.533,1.304,0.603,0.464,1.156,0.863,0.81,0.875,0.811,0.35,0.75
34,Palouse,PULW1,SF PALOUSE - AT PULLMAN,1,0.857,1.632,0.5,0.521,1.875,0.943,0.731,1.111,1.667,2,1.333
35,Snake River,ANAW1,SNAKE - NEAR ANATONE,0.956,0.885,1.239,1.037,0.782,0.911,0.798,0.634,0.549,0.619,0.893,0.996
37,Lower Yakima,KIOW1,YAKIMA - AT KIONA,0.318,1.045,4.182,1.404,0.833,1.835,1.031,0.712,0.571,0.564,0.783,0.879
37,Lower Yakima,PARW1,YAKIMA - NEAR PARKER,0.358,1.008,4.47,1.135,0.747,1.962,1.086,0.703,0.564,0.553,0.78,0.915
38,Naches,BUMW1,BUMPING - BELOW BUMPING DAM,0.5,1.235,4,0.867,0.929,2.143,1.143,0.791,0.5,0.38,0.579,0.683
38,Naches,CLFW1,NACHES - NEAR CLIFFDEL,0.722,1.195,4.122,1.341,1.125,2.333,1.22,0.716,0.481,0.364,0.5,0.558
38,Naches,NACW1,NACHES - NEAR NACHES,0.575,1.139,5.722,1.86,0.896,2.229,1.085,0.754,0.48,0.477,0.789,0.686
38,Naches,RIMW1,TIETON - AT TIETON DAM,0.647,1.231,4,1.154,0.889,2.296,1.189,0.984,0.661,0.758,1.167,0.941
39,Upper Yakima,CLEW1,CLE ELUM - NEAR ROSLYN,0.37,1.148,5.474,1.279,0.923,1.909,1.09,0.706,0.636,0.259,0.268,0.458
39,Upper Yakima,KACW1,KACHESS - NEAR EASTON,0.473,0.913,4.235,1,0.824,2,1.069,0.628,0.519,0.4,0.545,0.352
39,Upper Yakima,TNAW1,TEANAWAY - BELOW FORKS,0.689,1.529,7,1.9,1.273,1.968,0.918,0.588,0.348,0.4,0.8,0.857
39,Upper Yakima,EASW1,YAKIMA - AT EASTON,0.387,0.826,4.44,1,0.865,2.018,1.033,0.61,0.507,0.5,0.733,0.708
39,Upper Yakima,UMTW1,YAKIMA - AT UMTANUM,0.272,0.914,4.551,1.294,0.899,1.878,1.098,0.679,0.606,0.557,0.725,0.797
39,Upper Yakima,KEEW1,YAKIMA - NEAR MARTIN,0.507,0.931,4.158,0.818,0.889,2.3,1,0.66,0.452,0.371,0.468,0.615
40,Upper Yakima,HLKW1,YAKIMA - NEAR HORLICK,0.427,0.981,4.957,1.199,0.874,1.863,1.004,0.63,0.558,0.394,0.542,0.771
45,Wenatchee,PESW1,WENATCHEE - AT PESHASTIN,0.356,1.135,5.417,2.01,1.271,2.052,1.244,0.732,0.775,0.547,0.73,0.81
46,Entiat,ARDW1,ENTIAT - NEAR ARDENVOIR,0.463,1.182,5.465,2.917,1.579,2.273,1.458,0.986,0.784,0.629,0.7,0.847
47,Chelan,CHDW1,CHELAN - LAKE CHELAN DAM,0.311,1.18,5.18,2.267,1.286,2.375,1.536,0.803,0.778,0.557,0.61,0.581
47,Chelan,STHW1,STEHEKIN - AT STEHEKIN,0.317,1.483,5.562,2.2,1.143,2.39,1.432,0.847,0.838,0.695,0.701,0.694
48,Methow,WTHW1,METHOW - AT WINTHROP,0.6,0.962,5.095,3.389,2.118,3.1,1.592,1.087,0.979,0.663,0.75,0.875
48,Methow,PATW1,METHOW - NEAR PATEROS,0.667,1.053,5.452,3.741,2.346,3.091,1.805,1.129,1.013,0.698,0.842,1
49,Okanogan,OKMW1,OKANOGAN - AT MALOTT,0.638,0.99,2.976,2.156,1.256,1.71,1.724,1.026,0.896,0.64,0.649,0.954
49,Okanogan,OKNW1,OKANOGAN - AT OROVILLE,0.8,1,1.05,1.19,0.583,0.432,1,0.627,0.446,0.417,0.675,0.811
49,Okanogan,TONW1,OKANOGAN - NEAR TONASKET,0.588,0.937,3.208,2.243,1.215,1.784,1.747,1.024,0.926,0.657,0.667,0.969
49,Okanogan,NITW1,SIMILKAMEEN - NEAR NIGHTHAWK,0.648,0.961,3.372,2.507,1.559,2.209,1.809,1.142,1.002,0.85,0.837,1.017
54,Lower Spokane,LLKW1,SPOKANE - AT LONGLAKE,0.763,0.611,2.662,1.694,0.691,1.138,0.949,0.722,0.723,0.844,0.646,0.746
55,Little Spokane,LSDW1,LITTLE SPOKANE - AT DARTFORD,0.91,0.909,1,0.789,0.565,0.487,0.342,0.377,0.488,0.557,0.617,0.618
56,Hangman,HAGW1,HANGMAN CREEK - AT SPOKANE,0.733,0.5,0.98,0.567,0.529,1.196,0.783,0.791,1.023,1.077,1.176,1.214
57,Middle Spokane,SPOW1,SPOKANE - AT SPOKANE,0.791,0.636,2.896,1.944,0.766,1.188,0.975,0.726,0.722,0.852,0.627,0.731
59,Colville,KTFW1,COLVILLE - AT KETTLE FALLS,0.72,0.763,0.909,0.846,0.706,0.432,0.4,0.349,0.312,0.3,0.344,0.417
60,Kettle,LAUW1,KETTLE - AT LAURIER,0.382,0.771,1.585,1.971,1.439,1.095,0.863,0.703,0.511,0.491,0.595,0.808
60,Kettle,FRYW1,KETTLE - NEAR FERRY,0.379,0.72,1.5,1.688,1.294,1.231,1.06,0.739,0.543,0.456,0.727,1
62,Pend Oreille,ALFW1,PEND OREILLE - ALBENI FALLS DAM,0.74,0.853,2.458,1.883,1.105,1.227,1.015,0.854,0.881,0.957,1.194,1.102
,Columbia River,RISW1,COLUMBIA - BLO ROCK ISLAND DAM,0.655,0.892,2.081,1.871,1.112,1.328,1.089,0.856,1.057,1.28,1.357,1.294
,Columbia River,CHJW1,COLUMBIA - CHIEF JOSEPH DAM,0.665,0.865,1.823,1.811,1.08,1.245,1.047,0.848,1.072,1.314,1.391,1.318
,Columbia River,GCDW1,COLUMBIA - GRAND COULEE DAM,0.662,0.867,1.829,1.804,1.077,1.247,1.045,0.849,1.074,1.316,1.392,1.319
,Columbia River,MCDW1,COLUMBIA - MCNARY DAM,0.712,0.868,2.038,1.571,0.967,1.298,1.031,0.807,0.947,1.17,1.283,1.223
,Columbia River,PRWW1,COLUMBIA - PRIEST RAPIDS DAM,0.657,0.889,2.074,1.878,1.113,1.327,1.092,0.856,1.055,1.28,1.358,1.293
,Columbia River,RRHW1,COLUMBIA - ROCKY REACH DAM,0.661,0.881,1.966,1.864,1.105,1.304,1.082,0.86,1.057,1.292,1.365,1.299
,Columbia River,TDAO3,COLUMBIA - THE DALLES DAM,0.717,0.85,1.988,1.453,0.89,1.234,0.997,0.795,0.937,1.156,1.262,1.2
,Columbia River,WANW1,COLUMBIA - WANAPUM DAM,0.656,0.89,2.076,1.876,1.113,1.328,1.091,0.856,1.055,1.28,1.357,1.293
,Columbia River,WELW1,COLUMBIA - WELLS DAM,0.666,0.869,1.891,1.846,1.099,1.279,1.065,0.86,1.066,1.301,1.375,1.309
,Snake River,IHDW1,SNAKE - ICE HARBOR DAM,0.878,0.819,1.755,1.132,0.813,1.205,0.891,0.699,0.626,0.633,0.912,1.001
,Snake River,LGSW1,SNAKE - LITTLE GOOSE DAM,0.879,0.821,1.76,1.148,0.826,1.206,0.893,0.698,0.624,0.633,0.914,1.001
,Snake River,LGDW1,SNAKE - LOWER GRANITE DAM,0.879,0.821,1.76,1.148,0.826,1.206,0.893,0.698,0.624,0.633,0.914,1.001
,Snake River,LMNW1,SNAKE - LOWER MONUMENTAL DAM,0.878,0.819,1.755,1.132,0.813,1.205,0.891,0.699,0.626,0.633,0.912,1.001
